Дагестан (fix);7;872;1,5
Дагестан Махачкала (fix);7;8722;1,5
Ингушетия (fix);7;873;3,64
Ингушетия Назрань(fix);7;8732;3,64
Иркутская (fix);7;395;2,74
Иркутская Ангарск (fix);7;39555;2,74
Иркутская Ангарск (fix);7;39556;2,74
Иркутская Ангарск (fix);7;39559;2,74
Иркутская Братск (fix);7;39531;2,74
Иркутская Братск (fix);7;39532;2,74
Иркутская Братск (fix);7;39533;2,74
Иркутская Братск (fix);7;39534;2,74
Иркутская Иркутск (fix);7;3952;1,88
Кабардино-Балкария (fix);7;866;1,53
Кабардино-Балкария Нальчик (fix);7;8662;1,53
Калининградская (fix);7;401;1,61
Калининградская Калининград (fix);7;4012;1,54
Калмыкия (fix);7;847;1,5
Калмыкия Элиста (fix);7;8472;1,44
Калужская (fix);7;484;1,71
Калужская Боровск (fix);7;48438;1,71
Калужская Калуга (fix);7;4842;1,46
Калужская Обнинск (fix);7;48439;1,71
Камчатская (fix);7;415;2,65
Камчатская Петропавловск-Камчатский (fix);7;4152;2,65
Карачаево-Черкессия (fix);7;878;1,5
Карачаево-Черкессия Черкесск (fix);7;8782;1,42
Карелия (fix);7;814;2,41
Карелия Петрозаводск (fix);7;8142;2,11
Карелия Сегежа (fix);7;81431;2,41
Кемеровская (fix);7;384;2,35
Кемеровская Анжеро-Судженск (fix);7;38453;2,35
Кемеровская Белово (fix);7;38452;2,35
Кемеровская Калтан (fix);7;38472;2,35
Кемеровская Кемерово (fix);7;3842;1,59
Кемеровская Киселевск (fix);7;38464;2,35
Кемеровская Ленинск Кузнецкий (fix);7;38456;2,35
Кемеровская Междуреченск (fix);7;38475;2,35
Кемеровская Мыски (fix);7;38474;2,35
Кемеровская Новокузнецк (fix);7;3843;2,35
Кемеровская Прокопьевск (fix);7;38466;2,35
Кемеровская Таштагол (fix);7;38473;2,35
Кемеровская Юрга (fix);7;38451;2,35
Кировская (fix);7;833;1,66
Кировская Киров (fix);7;8332;1,56
Костромская (fix);7;494;1,71
Костромская Кострома (fix);7;4942;1,46
Краснодарский (fix);7;861;1,53
Краснодарский Анапа (fix);7;86133;1,01
Краснодарский Геленджик (fix);7;86141;1,01
Краснодарский Краснодар (fix);7;8612;1,04
Краснодарский Краснодар (fix);7;86194;1,04
Краснодарский Краснодар (fix);7;86199;1,04
Краснодарский Новороссийск (fix);7;8617;1,08
Краснодарский Сочи (fix);7;862;1,4
Краснодарский Темрюк (fix);7;86148;1,01
Краснодарский Тимашевск (fix);7;86130;1,01
Красноярский (fix);7;391;2,74
Красноярский Ачинск (fix);7;39151;2,74
Красноярский Енисейск (fix);7;39195;2,61
Красноярский Железногорск (fix);7;39197;0,81
Красноярский Кодинск (fix);7;39143;2,74
Красноярский Красноярск (fix);7;3912;1,88
Красноярский Красноярск (fix);7;391986;1,88
Красноярский Красноярск (fix);7;391987;1,88
Красноярский Красноярск (fix);7;391988;1,88
Красноярский Красноярск (fix);7;391989;1,88
Красноярский Норильск (fix);7;39192;1,88
Красноярский Норильск (fix);7;39193;1,88
Красноярский Норильск (fix);7;39194;1,88
Крым (fix);7;365;1,64
Крым Севастополь (fix);7;869;1,64
Курганская (fix);7;352;2,47
Курганская Курган (fix);7;3522;1,14
Курская (fix);7;471;1,71
Курская Курск (fix);7;4712;1,46
Липецкая (fix);7;474;1,71
Липецкая Елец (fix);7;47467;1,71
Липецкая Липецк (fix);7;4742;1,46
Магаданская (fix);7;413;2,64
Магаданская Магадан (fix);7;4132;2,64
Марий Эл Йошкар-Ола (fix);7;8362;1,56
Москва (fix);7;495;1,26
Москва (fix);7;499;1,26
Московская (fix);7;496;1,71
Московская 498 (fix);7;498;1,57
Мурманская (fix);7;815;2,41
Мурманская Мурманск (fix);7;8152;2,11
Ненецкий АО (fix);7;81857;2,66
Ненецкий АО Нарьян-Мар (fix);7;81853;2,1
Нижегородская (fix);7;831;1,66
Нижегородская Арзамас (fix);7;83147;1,66
Нижегородская Балахна (fix);7;83144;1,66
Нижегородская Богородск (fix);7;83170;1,66
Нижегородская Бор (fix);7;83159;1,66
Нижегородская Выкса (fix);7;83177;1,66
Нижегородская Городец (fix);7;83161;1,66
Нижегородская Дзержинск (fix);7;83132;1,66
Нижегородская Дзержинск (fix);7;83133;1,66
Нижегородская Кстово (fix);7;83145;1,66
Нижегородская Н-Новгород (fix);7;8312;1,56
Нижегородская Н-Новгород (fix);7;83141;1,56
Нижегородская Н-Новгород (fix);7;83142;1,56
Нижегородская Н-Новгород (fix);7;83143;1,56
Нижегородская Н-Новгород (fix);7;83144000;1,56
Нижегородская Н-Новгород (fix);7;83146;1,56
Нижегородская Павлово (fix);7;83171;1,66
Новгородская Новгород Великий (fix);7;8162;1,54
Новгородская Чудово (fix);7;81665;1,61
Новосибирская (fix);7;383;2,35
Новосибирская Бердск (fix);7;38341;1,75
Новосибирская Новосибирск (fix);7;3832;1,59
Новосибирская Новосибирск (fix);7;3833;1,59
Омская (fix);7;381;2,35
Омская Омск (fix);7;3812;1,59
Оренбургская (fix);7;353;1,66
Оренбургская Оренбург (fix);7;3532;1,56
Орловская (fix);7;486;1,71
Орловская Орел (fix);7;4862;1,46
Пензенская (fix);7;841;1,66
Пензенская Пенза (fix);7;8412;1,56
Пермский (fix);7;342;2,49
Пермский Пермь (fix);7;3422;1,15
Приморский (fix);7;423;2,62
Приморский Арсеньев (fix);7;42361;2,62
Приморский Артем (fix);7;42337;2,62
Приморский Владивосток (fix);7;4232;2,62
Приморский Владивосток (fix);7;42390;2,62
Приморский Владивосток (fix);7;42399;2,62
Приморский Дальнереченск (fix);7;42356;2,62
Приморский Находка (fix);7;42366;2,62
Приморский Находка (fix);7;42367;2,62
Приморский Находка (fix);7;42369;2,62
Приморский Пожарский (fix);7;42357;2,62
Приморский Спасск-Дальний (fix);7;42352;2,62
Приморский Уссурийск (fix);7;42342;2,62
Приморский Уссурийск (fix);7;42343;2,62
Псковская (fix);7;811;1,61
Псковская Великие Луки (fix);7;81153;1,61
Псковская Псков (fix);7;8112;1,53
Россия (fix) - регион;7;;4,26
Россия (mob) - Билайн;7;900335;1,59
Россия (mob) - Билайн;7;900336;1,59
Россия (mob) - Билайн;7;900337;1,59
Россия (mob) - Билайн;7;900338;1,59
Россия (mob) - Билайн;7;900339;1,59
Россия (mob) - Билайн;7;900344;1,59
Россия (mob) - Билайн;7;900343;1,59
Россия (mob) - Билайн;7;900342;1,59
Россия (mob) - Билайн;7;900341;1,59
Россия (mob) - Билайн;7;900340;1,59
Россия (mob) - Билайн;7;90205;1,59
Россия (mob) - Билайн;7;90206;1,59
Россия (mob) - Билайн;7;90207;1,59
Россия (mob) - Билайн;7;90252;1,59
Россия (mob) - Билайн;7;902553;1,59
Россия (mob) - Билайн;7;902554;1,59
Россия (mob) - Билайн;7;902555;1,59
Россия (mob) - Билайн;7;902556;1,59
Россия (mob) - Билайн;7;902557;1,59
Россия (mob) - Билайн;7;902559;1,59
Россия (mob) - Билайн;7;902710;1,59
Россия (mob) - Билайн;7;902717;1,59
Россия (mob) - Билайн;7;903;1,59
Россия (mob) - Билайн;7;90462;1,59
Россия (mob) - Билайн;7;904700;1,59
Россия (mob) - Билайн;7;904701;1,59
Россия (mob) - Билайн;7;904702;1,59
Россия (mob) - Билайн;7;904703;1,59
Россия (mob) - Билайн;7;904704;1,59
Россия (mob) - Билайн;7;904705;1,59
Россия (mob) - Билайн;7;904706;1,59
Россия (mob) - Билайн;7;904707;1,59
Россия (mob) - Билайн;7;904726;1,59
Россия (mob) - Билайн;7;904727;1,59
Россия (mob) - Билайн;7;905;1,59
Россия (mob) - Билайн;7;906;1,59
Россия (mob) - Билайн;7;908364;1,59
Россия (mob) - Билайн;7;908375;1,59
Россия (mob) - Билайн;7;908376;1,59
Россия (mob) - Билайн;7;908377;1,59
Россия (mob) - Билайн;7;908378;1,59
Россия (mob) - Билайн;7;908379;1,59
Россия (mob) - Билайн;7;908435;1,59
Россия (mob) - Билайн;7;908436;1,59
Россия (mob) - Билайн;7;908437;1,59
Россия (mob) - Билайн;7;908438;1,59
Россия (mob) - Билайн;7;908439;1,59
Россия (mob) - Билайн;7;90844;1,59
Россия (mob) - Билайн;7;90845;1,59
Россия (mob) - Билайн;7;908460;1,59
Россия (mob) - Билайн;7;908461;1,59
Россия (mob) - Билайн;7;908462;1,59
Россия (mob) - Билайн;7;908463;1,59
Россия (mob) - Билайн;7;908464;1,59
Россия (mob) - Билайн;7;90896;1,59
Россия (mob) - Билайн;7;90897;1,59
Россия (mob) - Билайн;7;90898;1,59
Россия (mob) - Билайн;7;90899;1,59
Россия (mob) - Билайн;7;909;1,59
Россия (mob) - Билайн;7;950668;1,59
Россия (mob) - Билайн;7;950880;1,59
Россия (mob) - Билайн;7;95100;1,59
Россия (mob) - Билайн;7;95101;1,59
Россия (mob) - Билайн;7;95102;1,59
Россия (mob) - Билайн;7;95320;1,59
Россия (mob) - Билайн;7;95321;1,59
Россия (mob) - Билайн;7;95322;1,59
Россия (mob) - Билайн;7;96;1,59
Россия (mob) - Билайн;7;980999;1,59
Россия (mob) - Билайн;7;983888;1,59
Россия (mob) - Билайн;7;983999;1,59
Россия (mob) - Билайн;7;986666;1,59
Россия (mob) - МТС;7;901152;1,59
Россия (mob) - МТС;7;901260;1,59
Россия (mob) - МТС;7;901261;1,59
Россия (mob) - МТС;7;901415;1,59
Россия (mob) - МТС;7;901416;1,59
Россия (mob) - МТС;7;901418;1,59
Россия (mob) - МТС;7;901440;1,59
Россия (mob) - МТС;7;901441;1,59
Россия (mob) - МТС;7;901442;1,59
Россия (mob) - МТС;7;901475;1,59
Россия (mob) - МТС;7;901476;1,59
Россия (mob) - МТС;7;901478;1,59
Россия (mob) - МТС;7;90181;1,59
Россия (mob) - МТС;7;901952;1,59
Россия (mob) - МТС;7;90208;1,59
Россия (mob) - МТС;7;902200;1,59
Россия (mob) - МТС;7;902203;1,59
Россия (mob) - МТС;7;902204;1,59
Россия (mob) - МТС;7;902205;1,59
Россия (mob) - МТС;7;902206;1,59
Россия (mob) - МТС;7;902207;1,59
Россия (mob) - МТС;7;902208;1,59
Россия (mob) - МТС;7;902209;1,59
Россия (mob) - МТС;7;902241;1,59
Россия (mob) - МТС;7;902242;1,59
Россия (mob) - МТС;7;902243;1,59
Россия (mob) - МТС;7;902315;1,59
Россия (mob) - МТС;7;902316;1,59
Россия (mob) - МТС;7;902317;1,59
Россия (mob) - МТС;7;902318;1,59
Россия (mob) - МТС;7;902319;1,59
Россия (mob) - МТС;7;90234;1,59
Россия (mob) - МТС;7;902352;1,59
Россия (mob) - МТС;7;902353;1,59
Россия (mob) - МТС;7;902354;1,59
Россия (mob) - МТС;7;902712;1,59
Россия (mob) - МТС;7;902713;1,59
Россия (mob) - МТС;7;902746;1,59
Россия (mob) - МТС;7;902747;1,59
Россия (mob) - МТС;7;904724;1,59
Россия (mob) - МТС;7;904725;1,59
Россия (mob) - МТС;7;904735;1,59
Россия (mob) - МТС;7;904736;1,59
Россия (mob) - МТС;7;904737;1,59
Россия (mob) - МТС;7;904738;1,59
Россия (mob) - МТС;7;904739;1,59
Россия (mob) - МТС;7;90835;1,59
Россия (mob) - МТС;7;908370;1,59
Россия (mob) - МТС;7;908371;1,59
Россия (mob) - МТС;7;908372;1,59
Россия (mob) - МТС;7;90852;1,59
Россия (mob) - МТС;7;90853;1,59
Россия (mob) - МТС;7;90856;1,59
Россия (mob) - МТС;7;91;1,59
Россия (mob) - МТС;7;95023;1,59
Россия (mob) - МТС;7;950888;1,59
Россия (mob) - МТС;7;950889;1,59
Россия (mob) - МТС;7;95093;1,59
Россия (mob) - МТС;7;950940;1,59
Россия (mob) - МТС;7;950941;1,59
Россия (mob) - МТС;7;950942;1,59
Россия (mob) - МТС;7;950943;1,59
Россия (mob) - МТС;7;950944;1,59
Россия (mob) - МТС;7;9780;1,59
Россия (mob) - МТС;7;97810;1,59
Россия (mob) - МТС;7;97811;1,59
Россия (mob) - МТС;7;97812;1,59
Россия (mob) - МТС;7;97813;1,59
Россия (mob) - МТС;7;97814;1,59
Россия (mob) - МТС;7;97820;1,59
Россия (mob) - МТС;7;97821;1,59
Россия (mob) - МТС;7;97822;1,59
Россия (mob) - МТС;7;978255;1,59
Россия (mob) - МТС;7;978256;1,59
Россия (mob) - МТС;7;978257;1,59
Россия (mob) - МТС;7;978258;1,59
Россия (mob) - МТС;7;978259;1,59
Россия (mob) - МТС;7;97826;1,59
Россия (mob) - МТС;7;97827;1,59
Россия (mob) - МТС;7;9787;1,59
Россия (mob) - МТС;7;9788;1,59
Россия (mob) - МТС;7;98;1,59
Россия (mob) - Мегафон;7;90211;1,59
Россия (mob) - Мегафон;7;902240;1,59
Россия (mob) - Мегафон;7;902249;1,59
Россия (mob) - Мегафон;7;90229;1,59
Россия (mob) - Мегафон;7;902320;1,59
Россия (mob) - Мегафон;7;902321;1,59
Россия (mob) - Мегафон;7;902322;1,59
Россия (mob) - Мегафон;7;902323;1,59
Россия (mob) - Мегафон;7;902324;1,59
Россия (mob) - Мегафон;7;902327;1,59
Россия (mob) - Мегафон;7;902328;1,59
Россия (mob) - Мегафон;7;902335;1,59
Россия (mob) - Мегафон;7;902336;1,59
Россия (mob) - Мегафон;7;902337;1,59
Россия (mob) - Мегафон;7;902338;1,59
Россия (mob) - Мегафон;7;902339;1,59
Россия (mob) - Мегафон;7;902350;1,59
Россия (mob) - Мегафон;7;902351;1,59
Россия (mob) - Мегафон;7;902359;1,59
Россия (mob) - Мегафон;7;90237;1,59
Россия (mob) - Мегафон;7;902660;1,59
Россия (mob) - Мегафон;7;902661;1,59
Россия (mob) - Мегафон;7;902662;1,59
Россия (mob) - Мегафон;7;902663;1,59
Россия (mob) - Мегафон;7;902665;1,59
Россия (mob) - Мегафон;7;902714;1,59
Россия (mob) - Мегафон;7;902716;1,59
Россия (mob) - Мегафон;7;902748;1,59
Россия (mob) - Мегафон;7;902749;1,59
Россия (mob) - Мегафон;7;902953;1,59
Россия (mob) - Мегафон;7;902954;1,59
Россия (mob) - Мегафон;7;902955;1,59
Россия (mob) - Мегафон;7;902993;1,59
Россия (mob) - Мегафон;7;902994;1,59
Россия (mob) - Мегафон;7;902995;1,59
Россия (mob) - Мегафон;7;904708;1,59
Россия (mob) - Мегафон;7;904709;1,59
Россия (mob) - Мегафон;7;904711;1,59
Россия (mob) - Мегафон;7;904710;1,59
Россия (mob) - Мегафон;7;904720;1,59
Россия (mob) - Мегафон;7;904721;1,59
Россия (mob) - Мегафон;7;904728;1,59
Россия (mob) - Мегафон;7;904729;1,59
Россия (mob) - Мегафон;7;904734;1,59
Россия (mob) - Мегафон;7;904733;1,59
Россия (mob) - Мегафон;7;904732;1,59
Россия (mob) - Мегафон;7;904731;1,59
Россия (mob) - Мегафон;7;904730;1,59
Россия (mob) - Мегафон;7;90474;1,59
Россия (mob) - Мегафон;7;908344;1,59
Россия (mob) - Мегафон;7;908345;1,59
Россия (mob) - Мегафон;7;908360;1,59
Россия (mob) - Мегафон;7;908361;1,59
Россия (mob) - Мегафон;7;908362;1,59
Россия (mob) - Мегафон;7;908363;1,59
Россия (mob) - Мегафон;7;908365;1,59
Россия (mob) - Мегафон;7;908366;1,59
Россия (mob) - Мегафон;7;908367;1,59
Россия (mob) - Мегафон;7;908368;1,59
Россия (mob) - Мегафон;7;908369;1,59
Россия (mob) - Мегафон;7;908373;1,59
Россия (mob) - Мегафон;7;908374;1,59
Россия (mob) - Мегафон;7;90838;1,59
Россия (mob) - Мегафон;7;90839;1,59
Россия (mob) - Мегафон;7;90842;1,59
Россия (mob) - Мегафон;7;90841;1,59
Россия (mob) - Мегафон;7;90840;1,59
Россия (mob) - Мегафон;7;90861;1,59
Россия (mob) - Мегафон;7;90862;1,59
Россия (mob) - Мегафон;7;90884;1,59
Россия (mob) - Мегафон;7;908850;1,59
Россия (mob) - Мегафон;7;908851;1,59
Россия (mob) - Мегафон;7;92;1,59
Россия (mob) - Мегафон;7;93;1,59
Россия (mob) - Мегафон;7;950669;1,59
Россия (mob) - Мегафон;7;950884;1,59
Россия (mob) - Мегафон;7;950887;1,59
Россия (mob) - Мегафон;7;9974;1,59
Россия (mob) - Мегафон;7;9990045;1,59
Россия (mob) - Мегафон;7;9990046;1,59
Россия (mob) - Мегафон;7;9990047;1,59
Россия (mob) - Мегафон;7;9990048;1,59
Россия (mob) - Мегафон;7;9990049;1,59
Россия (mob) - Мегафон;7;999005;1,59
Россия (mob) - Мегафон;7;999006;1,59
Россия (mob) - Мегафон;7;999007;1,59
Россия (mob) - Мегафон;7;999008;1,59
Россия (mob) - Мегафон;7;999009;1,59
Россия (mob) - Мегафон;7;9990103;1,59
Россия (mob) - Мегафон;7;9990104;1,59
Россия (mob) - Мегафон;7;9990105;1,59
Россия (mob) - Мегафон;7;9990106;1,59
Россия (mob) - Мегафон;7;9990107;1,59
Россия (mob) - Мегафон;7;9990108;1,59
Россия (mob) - Мегафон;7;9990109;1,59
Россия (mob) - Мегафон;7;999011;1,59
Россия (mob) - Мегафон;7;999012;1,59
Россия (mob) - Мегафон;7;999013;1,59
Россия (mob) - Мегафон;7;999014;1,59
Россия (mob) - Мегафон;7;999015;1,59
Россия (mob) - Мегафон;7;999016;1,59
Россия (mob) - Мегафон;7;999017;1,59
Россия (mob) - Мегафон;7;999018;1,59
Россия (mob) - Мегафон;7;999019;1,59
Россия (mob) - Мегафон;7;9990203;1,59
Россия (mob) - Мегафон;7;9990204;1,59
Россия (mob) - Мегафон;7;9990205;1,59
Россия (mob) - Мегафон;7;9990206;1,59
Россия (mob) - Мегафон;7;9990207;1,59
Россия (mob) - Мегафон;7;9990208;1,59
Россия (mob) - Мегафон;7;9990209;1,59
Россия (mob) - Мегафон;7;999021;1,59
Россия (mob) - Мегафон;7;999022;1,59
Россия (mob) - Мегафон;7;999023;1,59
Россия (mob) - Мегафон;7;999024;1,59
Россия (mob) - Мегафон;7;999025;1,59
Россия (mob) - Мегафон;7;999026;1,59
Россия (mob) - Мегафон;7;999027;1,59
Россия (mob) - Мегафон;7;999028;1,59
Россия (mob) - Мегафон;7;999029;1,59
Россия (mob) - Мегафон;7;9990303;1,59
Россия (mob) - Мегафон;7;9990304;1,59
Россия (mob) - Мегафон;7;9990305;1,59
Россия (mob) - Мегафон;7;9990306;1,59
Россия (mob) - Мегафон;7;9990307;1,59
Россия (mob) - Мегафон;7;9990308;1,59
Россия (mob) - Мегафон;7;9990309;1,59
Россия (mob) - Мегафон;7;999031;1,59
Россия (mob) - Мегафон;7;999032;1,59
Россия (mob) - Мегафон;7;999033;1,59
Россия (mob) - Мегафон;7;999034;1,59
Россия (mob) - Мегафон;7;999035;1,59
Россия (mob) - Мегафон;7;999036;1,59
Россия (mob) - Мегафон;7;999037;1,59
Россия (mob) - Мегафон;7;999038;1,59
Россия (mob) - Мегафон;7;999039;1,59
Россия (mob) - Мегафон;7;999041;1,59
Россия (mob) - Мегафон;7;999042;1,59
Россия (mob) - Мегафон;7;999043;1,59
Россия (mob) - Мегафон;7;999044;1,59
Россия (mob) - Мегафон;7;999045;1,59
Россия (mob) - Мегафон;7;999046;1,59
Россия (mob) - Мегафон;7;999047;1,59
Россия (mob) - Мегафон;7;999048;1,59
Россия (mob) - Мегафон;7;999049;1,59
Россия (mob) - Мегафон;7;999054;1,59
Россия (mob) - Мегафон;7;999053;1,59
Россия (mob) - Мегафон;7;999052;1,59
Россия (mob) - Мегафон;7;999051;1,59
Россия (mob) - Мегафон;7;999050;1,59
Россия (mob) - Мегафон;7;999056;1,59
Россия (mob) - Мегафон;7;9990603;1,59
Россия (mob) - Мегафон;7;9990604;1,59
Россия (mob) - Мегафон;7;9990605;1,59
Россия (mob) - Мегафон;7;9990606;1,59
Россия (mob) - Мегафон;7;9990607;1,59
Россия (mob) - Мегафон;7;9990608;1,59
Россия (mob) - Мегафон;7;9990609;1,59
Россия (mob) - Мегафон;7;999061;1,59
Россия (mob) - Мегафон;7;999062;1,59
Россия (mob) - Мегафон;7;999063;1,59
Россия (mob) - Мегафон;7;999064;1,59
Россия (mob) - Мегафон;7;999065;1,59
Россия (mob) - Мегафон;7;999066;1,59
Россия (mob) - Мегафон;7;999067;1,59
Россия (mob) - Мегафон;7;999068;1,59
Россия (mob) - Мегафон;7;999069;1,59
Россия (mob) - Мегафон;7;9990703;1,59
Россия (mob) - Мегафон;7;9990704;1,59
Россия (mob) - Мегафон;7;9990705;1,59
Россия (mob) - Мегафон;7;9990706;1,59
Россия (mob) - Мегафон;7;9990707;1,59
Россия (mob) - Мегафон;7;9990708;1,59
Россия (mob) - Мегафон;7;9990709;1,59
Россия (mob) - Мегафон;7;999071;1,59
Россия (mob) - Мегафон;7;999072;1,59
Россия (mob) - Мегафон;7;999073;1,59
Россия (mob) - Мегафон;7;999074;1,59
Россия (mob) - Мегафон;7;999075;1,59
Россия (mob) - Мегафон;7;999076;1,59
Россия (mob) - Мегафон;7;999077;1,59
Россия (mob) - Мегафон;7;999078;1,59
Россия (mob) - Мегафон;7;999079;1,59
Россия (mob) - Мегафон;7;999081;1,59
Россия (mob) - Мегафон;7;9990903;1,59
Россия (mob) - Мегафон;7;9990904;1,59
Россия (mob) - Мегафон;7;9990905;1,59
Россия (mob) - Мегафон;7;9990906;1,59
Россия (mob) - Мегафон;7;9990907;1,59
Россия (mob) - Мегафон;7;9990908;1,59
Россия (mob) - Мегафон;7;9990909;1,59
Россия (mob) - Мегафон;7;999091;1,59
Россия (mob) - Мегафон;7;999092;1,59
Россия (mob) - Мегафон;7;999093;1,59
Россия (mob) - Мегафон;7;999094;1,59
Россия (mob) - Мегафон;7;9990971;1,59
Россия (mob) - Мегафон;7;9990972;1,59
Россия (mob) - Мегафон;7;9990973;1,59
Россия (mob) - Мегафон;7;9990974;1,59
Россия (mob) - Мегафон;7;9990975;1,59
Россия (mob) - Мегафон;7;9990976;1,59
Россия (mob) - Мегафон;7;9990977;1,59
Россия (mob) - Мегафон;7;9990978;1,59
Россия (mob) - Мегафон;7;9990979;1,59
Россия (mob) - Мегафон;7;999098;1,59
Россия (mob) - Мегафон;7;999099;1,59
Россия (mob) - Мегафон;7;999101;1,59
Россия (mob) - Мегафон;7;999102;1,59
Россия (mob) - Мегафон;7;999103;1,59
Россия (mob) - Мегафон;7;999104;1,59
Россия (mob) - Мегафон;7;9991065;1,59
Россия (mob) - Мегафон;7;9991066;1,59
Россия (mob) - Мегафон;7;9991067;1,59
Россия (mob) - Мегафон;7;9991068;1,59
Россия (mob) - Мегафон;7;9991069;1,59
Россия (mob) - Мегафон;7;999107;1,59
Россия (mob) - Мегафон;7;999108;1,59
Россия (mob) - Мегафон;7;999116;1,59
Россия (mob) - Мегафон;7;999117;1,59
Россия (mob) - Мегафон;7;999118;1,59
Россия (mob) - Мегафон;7;999119;1,59
Россия (mob) - Мегафон;7;999122;1,59
Россия (mob) - Мегафон;7;999135;1,59
Россия (mob) - Мегафон;7;999146;1,59
Россия (mob) - Мегафон;7;999147;1,59
Россия (mob) - Мегафон;7;999148;1,59
Россия (mob) - Мегафон;7;999149;1,59
Россия (mob) - Мегафон;7;9991503;1,59
Россия (mob) - Мегафон;7;9991504;1,59
Россия (mob) - Мегафон;7;9991505;1,59
Россия (mob) - Мегафон;7;9991506;1,59
Россия (mob) - Мегафон;7;9991507;1,59
Россия (mob) - Мегафон;7;9991508;1,59
Россия (mob) - Мегафон;7;9991509;1,59
Россия (mob) - Мегафон;7;999151;1,59
Россия (mob) - Мегафон;7;999152;1,59
Россия (mob) - Мегафон;7;999153;1,59
Россия (mob) - Мегафон;7;9991540;1,59
Россия (mob) - Мегафон;7;9991541;1,59
Россия (mob) - Мегафон;7;9991542;1,59
Россия (mob) - Мегафон;7;9991543;1,59
Россия (mob) - Мегафон;7;9991544;1,59
Россия (mob) - Мегафон;7;9991545;1,59
Россия (mob) - Мегафон;7;9991546;1,59
Россия (mob) - Мегафон;7;9991547;1,59
Россия (mob) - Мегафон;7;999159;1,59
Россия (mob) - Мегафон;7;999161;1,59
Россия (mob) - Мегафон;7;999160;1,59
Россия (mob) - Мегафон;7;9991803;1,59
Россия (mob) - Мегафон;7;9991804;1,59
Россия (mob) - Мегафон;7;9991805;1,59
Россия (mob) - Мегафон;7;9991806;1,59
Россия (mob) - Мегафон;7;9991807;1,59
Россия (mob) - Мегафон;7;9991808;1,59
Россия (mob) - Мегафон;7;9991809;1,59
Россия (mob) - Мегафон;7;999181;1,59
Россия (mob) - Мегафон;7;999182;1,59
Россия (mob) - Мегафон;7;9991830;1,59
Россия (mob) - Мегафон;7;9991831;1,59
Россия (mob) - Мегафон;7;9991832;1,59
Россия (mob) - Мегафон;7;9991833;1,59
Россия (mob) - Мегафон;7;9991834;1,59
Россия (mob) - Мегафон;7;9991835;1,59
Россия (mob) - Мегафон;7;9991836;1,59
Россия (mob) - Мегафон;7;9991837;1,59
Россия (mob) - Мегафон;7;9991853;1,59
Россия (mob) - Мегафон;7;9991854;1,59
Россия (mob) - Мегафон;7;9991855;1,59
Россия (mob) - Мегафон;7;9991856;1,59
Россия (mob) - Мегафон;7;9991857;1,59
Россия (mob) - Мегафон;7;9991858;1,59
Россия (mob) - Мегафон;7;9991859;1,59
Россия (mob) - Мегафон;7;999186;1,59
Россия (mob) - Мегафон;7;999187;1,59
Россия (mob) - Мегафон;7;9991880;1,59
Россия (mob) - Мегафон;7;9991881;1,59
Россия (mob) - Мегафон;7;9991882;1,59
Россия (mob) - Мегафон;7;9991883;1,59
Россия (mob) - Мегафон;7;9991884;1,59
Россия (mob) - Мегафон;7;9991885;1,59
Россия (mob) - Мегафон;7;9991886;1,59
Россия (mob) - Мегафон;7;9991887;1,59
Россия (mob) - Мегафон;7;9991903;1,59
Россия (mob) - Мегафон;7;9991904;1,59
Россия (mob) - Мегафон;7;9991905;1,59
Россия (mob) - Мегафон;7;9991906;1,59
Россия (mob) - Мегафон;7;9991907;1,59
Россия (mob) - Мегафон;7;9991908;1,59
Россия (mob) - Мегафон;7;9991909;1,59
Россия (mob) - Мегафон;7;999191;1,59
Россия (mob) - Мегафон;7;999192;1,59
Россия (mob) - Мегафон;7;9991930;1,59
Россия (mob) - Мегафон;7;9991931;1,59
Россия (mob) - Мегафон;7;9991932;1,59
Россия (mob) - Мегафон;7;9991933;1,59
Россия (mob) - Мегафон;7;9991934;1,59
Россия (mob) - Мегафон;7;9991935;1,59
Россия (mob) - Мегафон;7;9991936;1,59
Россия (mob) - Мегафон;7;9991937;1,59
Россия (mob) - Мегафон;7;9991953;1,59
Россия (mob) - Мегафон;7;9991954;1,59
Россия (mob) - Мегафон;7;9991955;1,59
Россия (mob) - Мегафон;7;9991956;1,59
Россия (mob) - Мегафон;7;9991957;1,59
Россия (mob) - Мегафон;7;9991958;1,59
Россия (mob) - Мегафон;7;9991959;1,59
Россия (mob) - Мегафон;7;999196;1,59
Россия (mob) - Мегафон;7;999197;1,59
Россия (mob) - Мегафон;7;999198;1,59
Россия (mob) - Мегафон;7;9992302;1,59
Россия (mob) - Мегафон;7;9992303;1,59
Россия (mob) - Мегафон;7;9992304;1,59
Россия (mob) - Мегафон;7;9992305;1,59
Россия (mob) - Мегафон;7;9992306;1,59
Россия (mob) - Мегафон;7;9992307;1,59
Россия (mob) - Мегафон;7;9992308;1,59
Россия (mob) - Мегафон;7;9992309;1,59
Россия (mob) - Мегафон;7;9992312;1,59
Россия (mob) - Мегафон;7;9992311;1,59
Россия (mob) - Мегафон;7;9992310;1,59
Россия (mob) - Мегафон;7;999251;1,59
Россия (mob) - Мегафон;7;999252;1,59
Россия (mob) - Мегафон;7;999253;1,59
Россия (mob) - Мегафон;7;999254;1,59
Россия (mob) - Мегафон;7;999256;1,59
Россия (mob) - Мегафон;7;999257;1,59
Россия (mob) - Мегафон;7;999258;1,59
Россия (mob) - Мегафон;7;999259;1,59
Россия (mob) - Мегафон;7;9992615;1,59
Россия (mob) - Мегафон;7;9992616;1,59
Россия (mob) - Мегафон;7;9992617;1,59
Россия (mob) - Мегафон;7;9992618;1,59
Россия (mob) - Мегафон;7;9992619;1,59
Россия (mob) - Мегафон;7;999262;1,59
Россия (mob) - Мегафон;7;999263;1,59
Россия (mob) - Мегафон;7;999264;1,59
Россия (mob) - Мегафон;7;999265;1,59
Россия (mob) - Мегафон;7;999266;1,59
Россия (mob) - Мегафон;7;999267;1,59
Россия (mob) - Мегафон;7;999268;1,59
Россия (mob) - Мегафон;7;999269;1,59
Россия (mob) - Мегафон;7;9992703;1,59
Россия (mob) - Мегафон;7;9992704;1,59
Россия (mob) - Мегафон;7;9992705;1,59
Россия (mob) - Мегафон;7;9992706;1,59
Россия (mob) - Мегафон;7;9992707;1,59
Россия (mob) - Мегафон;7;9992708;1,59
Россия (mob) - Мегафон;7;9992709;1,59
Россия (mob) - Мегафон;7;999271;1,59
Россия (mob) - Мегафон;7;999272;1,59
Россия (mob) - Мегафон;7;999273;1,59
Россия (mob) - Мегафон;7;9992740;1,59
Россия (mob) - Мегафон;7;9992741;1,59
Россия (mob) - Мегафон;7;9992742;1,59
Россия (mob) - Мегафон;7;9992743;1,59
Россия (mob) - Мегафон;7;9992744;1,59
Россия (mob) - Мегафон;7;9992745;1,59
Россия (mob) - Мегафон;7;9992746;1,59
Россия (mob) - Мегафон;7;9992747;1,59
Россия (mob) - Мегафон;7;9992753;1,59
Россия (mob) - Мегафон;7;9992754;1,59
Россия (mob) - Мегафон;7;9992755;1,59
Россия (mob) - Мегафон;7;9992756;1,59
Россия (mob) - Мегафон;7;9992757;1,59
Россия (mob) - Мегафон;7;9992758;1,59
Россия (mob) - Мегафон;7;9992759;1,59
Россия (mob) - Мегафон;7;999276;1,59
Россия (mob) - Мегафон;7;999277;1,59
Россия (mob) - Мегафон;7;999278;1,59
Россия (mob) - Мегафон;7;999279;1,59
Россия (mob) - Мегафон;7;9992803;1,59
Россия (mob) - Мегафон;7;9992804;1,59
Россия (mob) - Мегафон;7;9992805;1,59
Россия (mob) - Мегафон;7;9992806;1,59
Россия (mob) - Мегафон;7;9992807;1,59
Россия (mob) - Мегафон;7;9992808;1,59
Россия (mob) - Мегафон;7;9992809;1,59
Россия (mob) - Мегафон;7;999281;1,59
Россия (mob) - Мегафон;7;999282;1,59
Россия (mob) - Мегафон;7;999283;1,59
Россия (mob) - Мегафон;7;9992840;1,59
Россия (mob) - Мегафон;7;9992841;1,59
Россия (mob) - Мегафон;7;9992842;1,59
Россия (mob) - Мегафон;7;9992843;1,59
Россия (mob) - Мегафон;7;9992844;1,59
Россия (mob) - Мегафон;7;9992845;1,59
Россия (mob) - Мегафон;7;9992846;1,59
Россия (mob) - Мегафон;7;9992847;1,59
Россия (mob) - Мегафон;7;9992853;1,59
Россия (mob) - Мегафон;7;9992854;1,59
Россия (mob) - Мегафон;7;9992855;1,59
Россия (mob) - Мегафон;7;9992856;1,59
Россия (mob) - Мегафон;7;9992857;1,59
Россия (mob) - Мегафон;7;9992858;1,59
Россия (mob) - Мегафон;7;9992859;1,59
Россия (mob) - Мегафон;7;999286;1,59
Россия (mob) - Мегафон;7;999287;1,59
Россия (mob) - Мегафон;7;999288;1,59
Россия (mob) - Мегафон;7;999289;1,59
Россия (mob) - Мегафон;7;9992903;1,59
Россия (mob) - Мегафон;7;9992904;1,59
Россия (mob) - Мегафон;7;9992905;1,59
Россия (mob) - Мегафон;7;9992906;1,59
Россия (mob) - Мегафон;7;9992907;1,59
Россия (mob) - Мегафон;7;9992908;1,59
Россия (mob) - Мегафон;7;9992909;1,59
Россия (mob) - Мегафон;7;999291;1,59
Россия (mob) - Мегафон;7;999292;1,59
Россия (mob) - Мегафон;7;999293;1,59
Россия (mob) - Мегафон;7;9992940;1,59
Россия (mob) - Мегафон;7;9992941;1,59
Россия (mob) - Мегафон;7;9992942;1,59
Россия (mob) - Мегафон;7;9992943;1,59
Россия (mob) - Мегафон;7;9992944;1,59
Россия (mob) - Мегафон;7;9992945;1,59
Россия (mob) - Мегафон;7;9992946;1,59
Россия (mob) - Мегафон;7;9992947;1,59
Россия (mob) - Мегафон;7;9992953;1,59
Россия (mob) - Мегафон;7;9992954;1,59
Россия (mob) - Мегафон;7;9992955;1,59
Россия (mob) - Мегафон;7;9992956;1,59
Россия (mob) - Мегафон;7;9992957;1,59
Россия (mob) - Мегафон;7;9992958;1,59
Россия (mob) - Мегафон;7;9992959;1,59
Россия (mob) - Мегафон;7;999296;1,59
Россия (mob) - Мегафон;7;999297;1,59
Россия (mob) - Мегафон;7;999298;1,59
Россия (mob) - Мегафон;7;9992990;1,59
Россия (mob) - Мегафон;7;9992991;1,59
Россия (mob) - Мегафон;7;9992992;1,59
Россия (mob) - Мегафон;7;9992993;1,59
Россия (mob) - Мегафон;7;9992994;1,59
Россия (mob) - Мегафон;7;9992995;1,59
Россия (mob) - Мегафон;7;9992996;1,59
Россия (mob) - Мегафон;7;9992997;1,59
Россия (mob) - Мегафон;7;9993003;1,59
Россия (mob) - Мегафон;7;9993004;1,59
Россия (mob) - Мегафон;7;9993005;1,59
Россия (mob) - Мегафон;7;9993006;1,59
Россия (mob) - Мегафон;7;9993007;1,59
Россия (mob) - Мегафон;7;9993008;1,59
Россия (mob) - Мегафон;7;9993009;1,59
Россия (mob) - Мегафон;7;999301;1,59
Россия (mob) - Мегафон;7;999302;1,59
Россия (mob) - Мегафон;7;999303;1,59
Россия (mob) - Мегафон;7;999304;1,59
Россия (mob) - Мегафон;7;999305;1,59
Россия (mob) - Мегафон;7;999306;1,59
Россия (mob) - Мегафон;7;999307;1,59
Россия (mob) - Мегафон;7;999308;1,59
Россия (mob) - Мегафон;7;9993090;1,59
Россия (mob) - Мегафон;7;9993091;1,59
Россия (mob) - Мегафон;7;9993092;1,59
Россия (mob) - Мегафон;7;9993093;1,59
Россия (mob) - Мегафон;7;9993094;1,59
Россия (mob) - Мегафон;7;9993095;1,59
Россия (mob) - Мегафон;7;9993096;1,59
Россия (mob) - Мегафон;7;9993097;1,59
Россия (mob) - Мегафон;7;999312;1,59
Россия (mob) - Мегафон;7;999313;1,59
Россия (mob) - Мегафон;7;999314;1,59
Россия (mob) - Мегафон;7;999315;1,59
Россия (mob) - Мегафон;7;999316;1,59
Россия (mob) - Мегафон;7;999317;1,59
Россия (mob) - Мегафон;7;999318;1,59
Россия (mob) - Мегафон;7;999319;1,59
Россия (mob) - Мегафон;7;99932;1,59
Россия (mob) - Мегафон;7;9993303;1,59
Россия (mob) - Мегафон;7;9993304;1,59
Россия (mob) - Мегафон;7;9993305;1,59
Россия (mob) - Мегафон;7;9993306;1,59
Россия (mob) - Мегафон;7;9993307;1,59
Россия (mob) - Мегафон;7;9993308;1,59
Россия (mob) - Мегафон;7;9993309;1,59
Россия (mob) - Мегафон;7;999331;1,59
Россия (mob) - Мегафон;7;999332;1,59
Россия (mob) - Мегафон;7;999334;1,59
Россия (mob) - Мегафон;7;999335;1,59
Россия (mob) - Мегафон;7;999336;1,59
Россия (mob) - Мегафон;7;999337;1,59
Россия (mob) - Мегафон;7;999338;1,59
Россия (mob) - Мегафон;7;9993390;1,59
Россия (mob) - Мегафон;7;9993391;1,59
Россия (mob) - Мегафон;7;9993392;1,59
Россия (mob) - Мегафон;7;9993393;1,59
Россия (mob) - Мегафон;7;9993394;1,59
Россия (mob) - Мегафон;7;9993395;1,59
Россия (mob) - Мегафон;7;9993396;1,59
Россия (mob) - Мегафон;7;9993397;1,59
Россия (mob) - Мегафон;7;9993403;1,59
Россия (mob) - Мегафон;7;9993404;1,59
Россия (mob) - Мегафон;7;9993405;1,59
Россия (mob) - Мегафон;7;9993406;1,59
Россия (mob) - Мегафон;7;9993407;1,59
Россия (mob) - Мегафон;7;9993408;1,59
Россия (mob) - Мегафон;7;9993409;1,59
Россия (mob) - Мегафон;7;999341;1,59
Россия (mob) - Мегафон;7;999342;1,59
Россия (mob) - Мегафон;7;999343;1,59
Россия (mob) - Мегафон;7;999344;1,59
Россия (mob) - Мегафон;7;999345;1,59
Россия (mob) - Мегафон;7;999346;1,59
Россия (mob) - Мегафон;7;999347;1,59
Россия (mob) - Мегафон;7;999348;1,59
Россия (mob) - Мегафон;7;999349;1,59
Россия (mob) - Мегафон;7;9993503;1,59
Россия (mob) - Мегафон;7;9993504;1,59
Россия (mob) - Мегафон;7;9993505;1,59
Россия (mob) - Мегафон;7;9993506;1,59
Россия (mob) - Мегафон;7;9993507;1,59
Россия (mob) - Мегафон;7;9993508;1,59
Россия (mob) - Мегафон;7;9993509;1,59
Россия (mob) - Мегафон;7;999351;1,59
Россия (mob) - Мегафон;7;999352;1,59
Россия (mob) - Мегафон;7;999353;1,59
Россия (mob) - Мегафон;7;999354;1,59
Россия (mob) - Мегафон;7;999355;1,59
Россия (mob) - Мегафон;7;999356;1,59
Россия (mob) - Мегафон;7;999357;1,59
Россия (mob) - Мегафон;7;999358;1,59
Россия (mob) - Мегафон;7;9993590;1,59
Россия (mob) - Мегафон;7;9993591;1,59
Россия (mob) - Мегафон;7;9993592;1,59
Россия (mob) - Мегафон;7;9993593;1,59
Россия (mob) - Мегафон;7;9993594;1,59
Россия (mob) - Мегафон;7;9993595;1,59
Россия (mob) - Мегафон;7;9993596;1,59
Россия (mob) - Мегафон;7;9993597;1,59
Россия (mob) - Мегафон;7;9993603;1,59
Россия (mob) - Мегафон;7;9993604;1,59
Россия (mob) - Мегафон;7;9993605;1,59
Россия (mob) - Мегафон;7;9993606;1,59
Россия (mob) - Мегафон;7;9993607;1,59
Россия (mob) - Мегафон;7;9993608;1,59
Россия (mob) - Мегафон;7;9993609;1,59
Россия (mob) - Мегафон;7;999361;1,59
Россия (mob) - Мегафон;7;999362;1,59
Россия (mob) - Мегафон;7;999363;1,59
Россия (mob) - Мегафон;7;999364;1,59
Россия (mob) - Мегафон;7;999365;1,59
Россия (mob) - Мегафон;7;999366;1,59
Россия (mob) - Мегафон;7;999367;1,59
Россия (mob) - Мегафон;7;999368;1,59
Россия (mob) - Мегафон;7;999369;1,59
Россия (mob) - Мегафон;7;999377;1,59
Россия (mob) - Мегафон;7;999376;1,59
Россия (mob) - Мегафон;7;999375;1,59
Россия (mob) - Мегафон;7;999374;1,59
Россия (mob) - Мегафон;7;999373;1,59
Россия (mob) - Мегафон;7;999372;1,59
Россия (mob) - Мегафон;7;999371;1,59
Россия (mob) - Мегафон;7;999370;1,59
Россия (mob) - Мегафон;7;9993780;1,59
Россия (mob) - Мегафон;7;9993781;1,59
Россия (mob) - Мегафон;7;9993782;1,59
Россия (mob) - Мегафон;7;9993783;1,59
Россия (mob) - Мегафон;7;9993784;1,59
Россия (mob) - Мегафон;7;9993803;1,59
Россия (mob) - Мегафон;7;9993804;1,59
Россия (mob) - Мегафон;7;9993805;1,59
Россия (mob) - Мегафон;7;9993806;1,59
Россия (mob) - Мегафон;7;9993807;1,59
Россия (mob) - Мегафон;7;9993808;1,59
Россия (mob) - Мегафон;7;9993809;1,59
Россия (mob) - Мегафон;7;999381;1,59
Россия (mob) - Мегафон;7;999382;1,59
Россия (mob) - Мегафон;7;999383;1,59
Россия (mob) - Мегафон;7;999384;1,59
Россия (mob) - Мегафон;7;999385;1,59
Россия (mob) - Мегафон;7;999386;1,59
Россия (mob) - Мегафон;7;999387;1,59
Россия (mob) - Мегафон;7;999388;1,59
Россия (mob) - Мегафон;7;999389;1,59
Россия (mob) - Мегафон;7;999397;1,59
Россия (mob) - Мегафон;7;999396;1,59
Россия (mob) - Мегафон;7;999395;1,59
Россия (mob) - Мегафон;7;999394;1,59
Россия (mob) - Мегафон;7;999393;1,59
Россия (mob) - Мегафон;7;999392;1,59
Россия (mob) - Мегафон;7;999391;1,59
Россия (mob) - Мегафон;7;999390;1,59
Россия (mob) - Мегафон;7;9994003;1,59
Россия (mob) - Мегафон;7;9994004;1,59
Россия (mob) - Мегафон;7;9994005;1,59
Россия (mob) - Мегафон;7;9994006;1,59
Россия (mob) - Мегафон;7;9994007;1,59
Россия (mob) - Мегафон;7;9994008;1,59
Россия (mob) - Мегафон;7;9994009;1,59
Россия (mob) - Мегафон;7;999401;1,59
Россия (mob) - Мегафон;7;999402;1,59
Россия (mob) - Мегафон;7;999403;1,59
Россия (mob) - Мегафон;7;999404;1,59
Россия (mob) - Мегафон;7;999405;1,59
Россия (mob) - Мегафон;7;999406;1,59
Россия (mob) - Мегафон;7;999407;1,59
Россия (mob) - Мегафон;7;999408;1,59
Россия (mob) - Мегафон;7;999409;1,59
Россия (mob) - Мегафон;7;999411;1,59
Россия (mob) - Мегафон;7;999412;1,59
Россия (mob) - Мегафон;7;999413;1,59
Россия (mob) - Мегафон;7;999414;1,59
Россия (mob) - Мегафон;7;999415;1,59
Россия (mob) - Мегафон;7;999416;1,59
Россия (mob) - Мегафон;7;999417;1,59
Россия (mob) - Мегафон;7;999418;1,59
Россия (mob) - Мегафон;7;999419;1,59
Россия (mob) - Мегафон;7;999421;1,59
Россия (mob) - Мегафон;7;9994237;1,59
Россия (mob) - Мегафон;7;9994238;1,59
Россия (mob) - Мегафон;7;9994239;1,59
Россия (mob) - Мегафон;7;999424;1,59
Россия (mob) - Мегафон;7;999425;1,59
Россия (mob) - Мегафон;7;999426;1,59
Россия (mob) - Мегафон;7;999427;1,59
Россия (mob) - Мегафон;7;999428;1,59
Россия (mob) - Мегафон;7;999429;1,59
Россия (mob) - Мегафон;7;999432;1,59
Россия (mob) - Мегафон;7;999433;1,59
Россия (mob) - Мегафон;7;999434;1,59
Россия (mob) - Мегафон;7;9994353;1,59
Россия (mob) - Мегафон;7;9994354;1,59
Россия (mob) - Мегафон;7;9994355;1,59
Россия (mob) - Мегафон;7;9994356;1,59
Россия (mob) - Мегафон;7;9994357;1,59
Россия (mob) - Мегафон;7;9994358;1,59
Россия (mob) - Мегафон;7;9994359;1,59
Россия (mob) - Мегафон;7;999436;1,59
Россия (mob) - Мегафон;7;999437;1,59
Россия (mob) - Мегафон;7;999438;1,59
Россия (mob) - Мегафон;7;999439;1,59
Россия (mob) - Мегафон;7;9994492;1,59
Россия (mob) - Мегафон;7;9994493;1,59
Россия (mob) - Мегафон;7;9994494;1,59
Россия (mob) - Мегафон;7;9994495;1,59
Россия (mob) - Мегафон;7;9994496;1,59
Россия (mob) - Мегафон;7;9994497;1,59
Россия (mob) - Мегафон;7;9994498;1,59
Россия (mob) - Мегафон;7;9994499;1,59
Россия (mob) - Мегафон;7;999461;1,59
Россия (mob) - Мегафон;7;999471;1,59
Россия (mob) - Мегафон;7;999472;1,59
Россия (mob) - Мегафон;7;999473;1,59
Россия (mob) - Мегафон;7;999474;1,59
Россия (mob) - Мегафон;7;999477;1,59
Россия (mob) - Мегафон;7;999478;1,59
Россия (mob) - Мегафон;7;999479;1,59
Россия (mob) - Мегафон;7;9994803;1,59
Россия (mob) - Мегафон;7;9994804;1,59
Россия (mob) - Мегафон;7;9994805;1,59
Россия (mob) - Мегафон;7;9994806;1,59
Россия (mob) - Мегафон;7;9994807;1,59
Россия (mob) - Мегафон;7;9994808;1,59
Россия (mob) - Мегафон;7;9994809;1,59
Россия (mob) - Мегафон;7;999481;1,59
Россия (mob) - Мегафон;7;999482;1,59
Россия (mob) - Мегафон;7;999483;1,59
Россия (mob) - Мегафон;7;9994840;1,59
Россия (mob) - Мегафон;7;9994841;1,59
Россия (mob) - Мегафон;7;9994842;1,59
Россия (mob) - Мегафон;7;9994843;1,59
Россия (mob) - Мегафон;7;9994844;1,59
Россия (mob) - Мегафон;7;9994845;1,59
Россия (mob) - Мегафон;7;9994846;1,59
Россия (mob) - Мегафон;7;9994847;1,59
Россия (mob) - Мегафон;7;9994853;1,59
Россия (mob) - Мегафон;7;9994854;1,59
Россия (mob) - Мегафон;7;9994855;1,59
Россия (mob) - Мегафон;7;9994856;1,59
Россия (mob) - Мегафон;7;9994857;1,59
Россия (mob) - Мегафон;7;9994858;1,59
Россия (mob) - Мегафон;7;9994859;1,59
Россия (mob) - Мегафон;7;999486;1,59
Россия (mob) - Мегафон;7;999487;1,59
Россия (mob) - Мегафон;7;999488;1,59
Россия (mob) - Мегафон;7;999489;1,59
Россия (mob) - Мегафон;7;9994903;1,59
Россия (mob) - Мегафон;7;9994904;1,59
Россия (mob) - Мегафон;7;9994905;1,59
Россия (mob) - Мегафон;7;9994906;1,59
Россия (mob) - Мегафон;7;9994907;1,59
Россия (mob) - Мегафон;7;9994908;1,59
Россия (mob) - Мегафон;7;9994909;1,59
Россия (mob) - Мегафон;7;999491;1,59
Россия (mob) - Мегафон;7;999492;1,59
Россия (mob) - Мегафон;7;999493;1,59
Россия (mob) - Мегафон;7;999494;1,59
Россия (mob) - Мегафон;7;999496;1,59
Россия (mob) - Мегафон;7;999497;1,59
Россия (mob) - Мегафон;7;999498;1,59
Россия (mob) - Мегафон;7;9994990;1,59
Россия (mob) - Мегафон;7;9994991;1,59
Россия (mob) - Мегафон;7;9994992;1,59
Россия (mob) - Мегафон;7;9994993;1,59
Россия (mob) - Мегафон;7;9994994;1,59
Россия (mob) - Мегафон;7;9995003;1,59
Россия (mob) - Мегафон;7;9995004;1,59
Россия (mob) - Мегафон;7;9995005;1,59
Россия (mob) - Мегафон;7;9995006;1,59
Россия (mob) - Мегафон;7;9995007;1,59
Россия (mob) - Мегафон;7;9995008;1,59
Россия (mob) - Мегафон;7;9995009;1,59
Россия (mob) - Мегафон;7;999501;1,59
Россия (mob) - Мегафон;7;999502;1,59
Россия (mob) - Мегафон;7;999503;1,59
Россия (mob) - Мегафон;7;999504;1,59
Россия (mob) - Мегафон;7;999505;1,59
Россия (mob) - Мегафон;7;999506;1,59
Россия (mob) - Мегафон;7;999507;1,59
Россия (mob) - Мегафон;7;999508;1,59
Россия (mob) - Мегафон;7;9995090;1,59
Россия (mob) - Мегафон;7;9995091;1,59
Россия (mob) - Мегафон;7;9995092;1,59
Россия (mob) - Мегафон;7;9995093;1,59
Россия (mob) - Мегафон;7;9995094;1,59
Россия (mob) - Мегафон;7;9995095;1,59
Россия (mob) - Мегафон;7;9995096;1,59
Россия (mob) - Мегафон;7;9995097;1,59
Россия (mob) - Мегафон;7;9995403;1,59
Россия (mob) - Мегафон;7;9995404;1,59
Россия (mob) - Мегафон;7;9995405;1,59
Россия (mob) - Мегафон;7;9995406;1,59
Россия (mob) - Мегафон;7;9995407;1,59
Россия (mob) - Мегафон;7;9995408;1,59
Россия (mob) - Мегафон;7;9995409;1,59
Россия (mob) - Мегафон;7;999541;1,59
Россия (mob) - Мегафон;7;999542;1,59
Россия (mob) - Мегафон;7;999543;1,59
Россия (mob) - Мегафон;7;999544;1,59
Россия (mob) - Мегафон;7;999545;1,59
Россия (mob) - Мегафон;7;999546;1,59
Россия (mob) - Мегафон;7;9995470;1,59
Россия (mob) - Мегафон;7;9995471;1,59
Россия (mob) - Мегафон;7;9995472;1,59
Россия (mob) - Мегафон;7;9995503;1,59
Россия (mob) - Мегафон;7;9995504;1,59
Россия (mob) - Мегафон;7;9995505;1,59
Россия (mob) - Мегафон;7;9995506;1,59
Россия (mob) - Мегафон;7;9995507;1,59
Россия (mob) - Мегафон;7;9995508;1,59
Россия (mob) - Мегафон;7;9995509;1,59
Россия (mob) - Мегафон;7;999551;1,59
Россия (mob) - Мегафон;7;999552;1,59
Россия (mob) - Мегафон;7;999553;1,59
Россия (mob) - Мегафон;7;999554;1,59
Россия (mob) - Мегафон;7;999555;1,59
Россия (mob) - Мегафон;7;999556;1,59
Россия (mob) - Мегафон;7;999557;1,59
Россия (mob) - Мегафон;7;999558;1,59
Россия (mob) - Мегафон;7;9995717;1,59
Россия (mob) - Мегафон;7;9995718;1,59
Россия (mob) - Мегафон;7;9995719;1,59
Россия (mob) - Мегафон;7;999572;1,59
Россия (mob) - Мегафон;7;999573;1,59
Россия (mob) - Мегафон;7;999574;1,59
Россия (mob) - Мегафон;7;999575;1,59
Россия (mob) - Мегафон;7;999576;1,59
Россия (mob) - Мегафон;7;999577;1,59
Россия (mob) - Мегафон;7;999578;1,59
Россия (mob) - Мегафон;7;999579;1,59
Россия (mob) - Мегафон;7;999580;1,59
Россия (mob) - Мегафон;7;9995903;1,59
Россия (mob) - Мегафон;7;9995904;1,59
Россия (mob) - Мегафон;7;9995905;1,59
Россия (mob) - Мегафон;7;9995906;1,59
Россия (mob) - Мегафон;7;9995907;1,59
Россия (mob) - Мегафон;7;9995908;1,59
Россия (mob) - Мегафон;7;9995909;1,59
Россия (mob) - Мегафон;7;999591;1,59
Россия (mob) - Мегафон;7;999592;1,59
Россия (mob) - Мегафон;7;999593;1,59
Россия (mob) - Мегафон;7;999594;1,59
Россия (mob) - Мегафон;7;999595;1,59
Россия (mob) - Мегафон;7;999596;1,59
Россия (mob) - Мегафон;7;999597;1,59
Россия (mob) - Мегафон;7;999598;1,59
Россия (mob) - Мегафон;7;999599;1,59
Россия (mob) - Мегафон;7;999658;1,59
Россия (mob) - Мегафон;7;999659;1,59
Россия (mob) - Мегафон;7;9996605;1,59
Россия (mob) - Мегафон;7;9996606;1,59
Россия (mob) - Мегафон;7;9996607;1,59
Россия (mob) - Мегафон;7;9996608;1,59
Россия (mob) - Мегафон;7;9996609;1,59
Россия (mob) - Мегафон;7;999661;1,59
Россия (mob) - Мегафон;7;999662;1,59
Россия (mob) - Мегафон;7;999663;1,59
Россия (mob) - Мегафон;7;999664;1,59
Россия (mob) - Мегафон;7;999665;1,59
Россия (mob) - Мегафон;7;9996903;1,59
Россия (mob) - Мегафон;7;9996904;1,59
Россия (mob) - Мегафон;7;9996905;1,59
Россия (mob) - Мегафон;7;9996906;1,59
Россия (mob) - Мегафон;7;9996907;1,59
Россия (mob) - Мегафон;7;9996908;1,59
Россия (mob) - Мегафон;7;9996909;1,59
Россия (mob) - Мегафон;7;999701;1,59
Россия (mob) - Мегафон;7;999702;1,59
Россия (mob) - Мегафон;7;999703;1,59
Россия (mob) - Мегафон;7;999704;1,59
Россия (mob) - Мегафон;7;999706;1,59
Россия (mob) - Мегафон;7;999707;1,59
Россия (mob) - Мегафон;7;999708;1,59
Россия (mob) - Мегафон;7;999709;1,59
Россия (mob) - Мегафон;7;999728;1,59
Россия (mob) - Мегафон;7;999729;1,59
Россия (mob) - Мегафон;7;999731;1,59
Россия (mob) - Мегафон;7;999732;1,59
Россия (mob) - Мегафон;7;999733;1,59
Россия (mob) - Мегафон;7;999734;1,59
Россия (mob) - Мегафон;7;999736;1,59
Россия (mob) - Мегафон;7;999737;1,59
Россия (mob) - Мегафон;7;999738;1,59
Россия (mob) - Мегафон;7;999739;1,59
Россия (mob) - Мегафон;7;9997403;1,59
Россия (mob) - Мегафон;7;9997404;1,59
Россия (mob) - Мегафон;7;9997405;1,59
Россия (mob) - Мегафон;7;9997406;1,59
Россия (mob) - Мегафон;7;9997407;1,59
Россия (mob) - Мегафон;7;9997408;1,59
Россия (mob) - Мегафон;7;9997409;1,59
Россия (mob) - Мегафон;7;999741;1,59
Россия (mob) - Мегафон;7;999742;1,59
Россия (mob) - Мегафон;7;999743;1,59
Россия (mob) - Мегафон;7;999744;1,59
Россия (mob) - Мегафон;7;999746;1,59
Россия (mob) - Мегафон;7;999747;1,59
Россия (mob) - Мегафон;7;999748;1,59
Россия (mob) - Мегафон;7;999749;1,59
Россия (mob) - Мегафон;7;999751;1,59
Россия (mob) - Мегафон;7;999752;1,59
Россия (mob) - Мегафон;7;999753;1,59
Россия (mob) - Мегафон;7;999754;1,59
Россия (mob) - Мегафон;7;999756;1,59
Россия (mob) - Мегафон;7;999757;1,59
Россия (mob) - Мегафон;7;999758;1,59
Россия (mob) - Мегафон;7;999759;1,59
Россия (mob) - Мегафон;7;9997603;1,59
Россия (mob) - Мегафон;7;9997604;1,59
Россия (mob) - Мегафон;7;9997605;1,59
Россия (mob) - Мегафон;7;9997606;1,59
Россия (mob) - Мегафон;7;9997607;1,59
Россия (mob) - Мегафон;7;9997608;1,59
Россия (mob) - Мегафон;7;9997609;1,59
Россия (mob) - Мегафон;7;999761;1,59
Россия (mob) - Мегафон;7;999762;1,59
Россия (mob) - Мегафон;7;999763;1,59
Россия (mob) - Мегафон;7;9997640;1,59
Россия (mob) - Мегафон;7;9997641;1,59
Россия (mob) - Мегафон;7;9997642;1,59
Россия (mob) - Мегафон;7;9997653;1,59
Россия (mob) - Мегафон;7;9997654;1,59
Россия (mob) - Мегафон;7;9997655;1,59
Россия (mob) - Мегафон;7;9997656;1,59
Россия (mob) - Мегафон;7;9997657;1,59
Россия (mob) - Мегафон;7;9997658;1,59
Россия (mob) - Мегафон;7;9997659;1,59
Россия (mob) - Мегафон;7;999766;1,59
Россия (mob) - Мегафон;7;999767;1,59
Россия (mob) - Мегафон;7;999768;1,59
Россия (mob) - Мегафон;7;9997690;1,59
Россия (mob) - Мегафон;7;9997691;1,59
Россия (mob) - Мегафон;7;9997692;1,59
Россия (mob) - Мегафон;7;9997693;1,59
Россия (mob) - Мегафон;7;9997694;1,59
Россия (mob) - Мегафон;7;9997695;1,59
Россия (mob) - Мегафон;7;9997696;1,59
Россия (mob) - Мегафон;7;9997697;1,59
Россия (mob) - Мегафон;7;999774;1,59
Россия (mob) - Мегафон;7;999776;1,59
Россия (mob) - Мегафон;7;999778;1,59
Россия (mob) - Мегафон;7;999949;1,59
Россия (mob) - Мегафон;7;999996;1,59
Россия (mob) - регион;7;9;1,59
Россия (mob) - регион;7;911065;1,59
Россия (mob) - регион;7;911066;1,59
Россия (mob) - регион;7;911067;1,59
Россия (mob) - регион;7;911068;1,59
Россия (mob) - регион;7;911069;1,59
Россия (mob) - регион;7;911650;1,59
Россия (mob) - регион;7;911651;1,59
Россия (mob) - регион;7;911652;1,59
Россия (mob) - регион;7;911653;1,59
Россия (mob) - регион;7;911654;1,59
Россия (mob) - регион;7;912001;1,59
Россия (mob) - регион;7;912002;1,59
Россия (mob) - регион;7;912099;1,59
Россия (mob) - регион;7;923056;1,59
Россия (mob) - регион;7;923888;1,59
Россия (mob) - регион;7;923899;1,59
Россия (mob) - регион;7;9239000;1,59
Россия (mob) - регион;7;923998;1,59
Россия (mob) - регион;7;923999;1,59
Россия (mob) - регион;7;9240777;1,59
Россия (mob) - регион;7;930000;1,59
Россия (mob) - регион;7;930001;1,59
Россия (mob) - регион;7;930002;1,59
Россия (mob) - регион;7;930003;1,59
Россия (mob) - регион;7;930004;1,59
Россия (mob) - регион;7;930006;1,59
Россия (mob) - регион;7;930007;1,59
Россия (mob) - регион;7;930008;1,59
Россия (mob) - регион;7;930009;1,59
Россия (mob) - регион;7;930010;1,59
Россия (mob) - регион;7;930060;1,59
Россия (mob) - регион;7;930061;1,59
Россия (mob) - регион;7;930062;1,59
Россия (mob) - регион;7;9300644;1,59
Россия (mob) - регион;7;9300645;1,59
Россия (mob) - регион;7;9300646;1,59
Россия (mob) - регион;7;9300647;1,59
Россия (mob) - регион;7;9300648;1,59
Россия (mob) - регион;7;9300649;1,59
Россия (mob) - регион;7;930065;1,59
Россия (mob) - регион;7;930066;1,59
Россия (mob) - регион;7;930075;1,59
Россия (mob) - регион;7;930200;1,59
Россия (mob) - регион;7;930201;1,59
Россия (mob) - регион;7;930227;1,59
Россия (mob) - регион;7;930307;1,59
Россия (mob) - регион;7;930308;1,59
Россия (mob) - регион;7;930309;1,59
Россия (mob) - регион;7;930331;1,59
Россия (mob) - регион;7;930332;1,59
Россия (mob) - регион;7;930333;1,59
Россия (mob) - регион;7;930334;1,59
Россия (mob) - регион;7;930335;1,59
Россия (mob) - регион;7;930336;1,59
Россия (mob) - регион;7;930337;1,59
Россия (mob) - регион;7;930338;1,59
Россия (mob) - регион;7;930339;1,59
Россия (mob) - регион;7;930377;1,59
Россия (mob) - регион;7;930441;1,59
Россия (mob) - регион;7;930444;1,59
Россия (mob) - регион;7;930555;1,59
Россия (mob) - регион;7;9306000;1,59
Россия (mob) - регион;7;930900;1,59
Россия (mob) - регион;7;930901;1,59
Россия (mob) - регион;7;930999;1,59
Россия (mob) - регион;7;931009;1,59
Россия (mob) - регион;7;931110;1,59
Россия (mob) - регион;7;931111;1,59
Россия (mob) - регион;7;9311777;1,59
Россия (mob) - регион;7;931444;1,59
Россия (mob) - регион;7;931555;1,59
Россия (mob) - регион;7;931666;1,59
Россия (mob) - регион;7;931777;1,59
Россия (mob) - регион;7;931888;1,59
Россия (mob) - регион;7;931889;1,59
Россия (mob) - регион;7;93200;1,59
Россия (mob) - регион;7;932202;1,59
Россия (mob) - регион;7;932204;1,59
Россия (mob) - регион;7;932205;1,59
Россия (mob) - регион;7;932206;1,59
Россия (mob) - регион;7;932208;1,59
Россия (mob) - регион;7;9322205;1,59
Россия (mob) - регион;7;9322206;1,59
Россия (mob) - регион;7;9322207;1,59
Россия (mob) - регион;7;9322208;1,59
Россия (mob) - регион;7;9322209;1,59
Россия (mob) - регион;7;932221;1,59
Россия (mob) - регион;7;93222220;1,59
Россия (mob) - регион;7;93222221;1,59
Россия (mob) - регион;7;93222222;1,59
Россия (mob) - регион;7;9322225;1,59
Россия (mob) - регион;7;932441;1,59
Россия (mob) - регион;7;932444;1,59
Россия (mob) - регион;7;932666;1,59
Россия (mob) - регион;7;932677;1,59
Россия (mob) - регион;7;932678;1,59
Россия (mob) - регион;7;9328880;1,59
Россия (mob) - регион;7;9328881;1,59
Россия (mob) - регион;7;9328882;1,59
Россия (mob) - регион;7;9328883;1,59
Россия (mob) - регион;7;9328884;1,59
Россия (mob) - регион;7;9328885;1,59
Россия (mob) - регион;7;9328886;1,59
Россия (mob) - регион;7;93288870;1,59
Россия (mob) - регион;7;93288871;1,59
Россия (mob) - регион;7;93288872;1,59
Россия (mob) - регион;7;93288873;1,59
Россия (mob) - регион;7;93288874;1,59
Россия (mob) - регион;7;932999;1,59
Россия (mob) - регион;7;933000;1,59
Россия (mob) - регион;7;933033;1,59
Россия (mob) - регион;7;933110;1,59
Россия (mob) - регион;7;933111;1,59
Россия (mob) - регион;7;933222;1,59
Россия (mob) - регион;7;933313;1,59
Россия (mob) - регион;7;9333999;1,59
Россия (mob) - регион;7;933666;1,59
Россия (mob) - регион;7;933770;1,59
Россия (mob) - регион;7;933771;1,59
Россия (mob) - регион;7;933772;1,59
Россия (mob) - регион;7;933773;1,59
Россия (mob) - регион;7;933774;1,59
Россия (mob) - регион;7;933777;1,59
Россия (mob) - регион;7;933778;1,59
Россия (mob) - регион;7;933779;1,59
Россия (mob) - регион;7;933888;1,59
Россия (mob) - регион;7;933889;1,59
Россия (mob) - регион;7;934000;1,59
Россия (mob) - регион;7;934333;1,59
Россия (mob) - регион;7;934334;1,59
Россия (mob) - регион;7;934335;1,59
Россия (mob) - регион;7;934336;1,59
Россия (mob) - регион;7;934337;1,59
Россия (mob) - регион;7;934338;1,59
Россия (mob) - регион;7;934339;1,59
Россия (mob) - регион;7;934343;1,59
Россия (mob) - регион;7;934342;1,59
Россия (mob) - регион;7;934341;1,59
Россия (mob) - регион;7;934340;1,59
Россия (mob) - регион;7;934400;1,59
Россия (mob) - регион;7;934442;1,59
Россия (mob) - регион;7;934444;1,59
Россия (mob) - регион;7;9344777;1,59
Россия (mob) - регион;7;934555;1,59
Россия (mob) - регион;7;934777;1,59
Россия (mob) - регион;7;934888;1,59
Россия (mob) - регион;7;934999;1,59
Россия (mob) - регион;7;9366777;1,59
Россия (mob) - регион;7;936699;1,59
Россия (mob) - регион;7;938222;1,59
Россия (mob) - регион;7;938336;1,59
Россия (mob) - регион;7;938337;1,59
Россия (mob) - регион;7;938338;1,59
Россия (mob) - регион;7;938339;1,59
Россия (mob) - регион;7;938666;1,59
Россия (mob) - регион;7;938699;1,59
Россия (mob) - регион;7;938807;1,59
Россия (mob) - регион;7;938808;1,59
Россия (mob) - регион;7;938880;1,59
Россия (mob) - регион;7;938988;1,59
Россия (mob) - регион;7;93900;1,59
Россия (mob) - регион;7;939111;1,59
Россия (mob) - регион;7;939222;1,59
Россия (mob) - регион;7;93930;1,59
Россия (mob) - регион;7;93931;1,59
Россия (mob) - регион;7;93933;1,59
Россия (mob) - регион;7;93934;1,59
Россия (mob) - регион;7;93935;1,59
Россия (mob) - регион;7;93936;1,59
Россия (mob) - регион;7;93937;1,59
Россия (mob) - регион;7;93938;1,59
Россия (mob) - регион;7;93939;1,59
Россия (mob) - регион;7;939444;1,59
Россия (mob) - регион;7;93950;1,59
Россия (mob) - регион;7;939555;1,59
Россия (mob) - регион;7;939666;1,59
Россия (mob) - регион;7;93977;1,59
Россия (mob) - регион;7;93978;1,59
Россия (mob) - регион;7;93979;1,59
Россия (mob) - регион;7;939888;1,59
Россия (mob) - регион;7;9398999;1,59
Россия (mob) - регион;7;939900;1,59
Россия (mob) - регион;7;939999;1,59
Россия (mob) - регион;7;966200;1,59
Россия (mob) - регион;7;966222;1,59
Россия (mob) - регион;7;966223;1,59
Россия (mob) - регион;7;966224;1,59
Россия (mob) - регион;7;966225;1,59
Россия (mob) - регион;7;966266;1,59
Россия (mob) - регион;7;966299;1,59
Россия (mob) - регион;7;966444;1,59
Россия (mob) - регион;7;966555;1,59
Россия (mob) - регион;7;9665666;1,59
Россия (mob) - регион;7;966666;1,59
Россия (mob) - регион;7;966667;1,59
Россия (mob) - регион;7;966669;1,59
Россия (mob) - регион;7;96669;1,59
Россия (mob) - регион;7;966778;1,59
Россия (mob) - регион;7;966888;1,59
Россия (mob) - регион;7;966999;1,59
Россия (mob) - регион;7;967499;1,59
Россия (mob) - регион;7;967554;1,59
Россия (mob) - регион;7;967555;1,59
Россия (mob) - регион;7;967556;1,59
Россия (mob) - регион;7;967557;1,59
Россия (mob) - регион;7;967558;1,59
Россия (mob) - регион;7;967559;1,59
Россия (mob) - регион;7;967915;1,59
Россия (mob) - регион;7;968211;1,59
Россия (mob) - регион;7;968288;1,59
Россия (mob) - регион;7;969400;1,59
Россия (mob) - регион;7;969444;1,59
Россия (mob) - регион;7;969555;1,59
Россия (mob) - регион;7;969776;1,59
Россия (mob) - регион;7;969777;1,59
Россия (mob) - регион;7;969888;1,59
Россия (mob) - регион;7;969889;1,59
Россия (mob) - регион;7;969900;1,59
Россия (mob) - регион;7;9699666;1,59
Россия (mob) - регион;7;969969;1,59
Россия (mob) - регион;7;96997;1,59
Россия (mob) - регион;7;969999;1,59
Россия (mob) - регион;7;9800;1,59
Россия (mob) - регион;7;98010;1,59
Россия (mob) - регион;7;980110;1,59
Россия (mob) - регион;7;9801115;1,59
Россия (mob) - регион;7;9801116;1,59
Россия (mob) - регион;7;9801117;1,59
Россия (mob) - регион;7;9801118;1,59
Россия (mob) - регион;7;9801119;1,59
Россия (mob) - регион;7;980222;1,59
Россия (mob) - регион;7;980223;1,59
Россия (mob) - регион;7;980224;1,59
Россия (mob) - регион;7;980225;1,59
Россия (mob) - регион;7;980226;1,59
Россия (mob) - регион;7;980227;1,59
Россия (mob) - регион;7;980228;1,59
Россия (mob) - регион;7;980229;1,59
Россия (mob) - регион;7;980699;1,59
Россия (mob) - регион;7;980800;1,59
Россия (mob) - регион;7;980801;1,59
Россия (mob) - регион;7;980802;1,59
Россия (mob) - регион;7;980803;1,59
Россия (mob) - регион;7;980804;1,59
Россия (mob) - регион;7;980805;1,59
Россия (mob) - регион;7;980806;1,59
Россия (mob) - регион;7;980807;1,59
Россия (mob) - регион;7;980888;1,59
Россия (mob) - регион;7;980889;1,59
Россия (mob) - регион;7;98089;1,59
Россия (mob) - регион;7;9809000;1,59
Россия (mob) - регион;7;980901;1,59
Россия (mob) - регион;7;980902;1,59
Россия (mob) - регион;7;980903;1,59
Россия (mob) - регион;7;980904;1,59
Россия (mob) - регион;7;980905;1,59
Россия (mob) - регион;7;980906;1,59
Россия (mob) - регион;7;980907;1,59
Россия (mob) - регион;7;980908;1,59
Россия (mob) - регион;7;980909;1,59
Россия (mob) - регион;7;98091;1,59
Россия (mob) - регион;7;98092;1,59
Россия (mob) - регион;7;98093;1,59
Россия (mob) - регион;7;98094;1,59
Россия (mob) - регион;7;980950;1,59
Россия (mob) - регион;7;980951;1,59
Россия (mob) - регион;7;980952;1,59
Россия (mob) - регион;7;980953;1,59
Россия (mob) - регион;7;980954;1,59
Россия (mob) - регион;7;980955;1,59
Россия (mob) - регион;7;980956;1,59
Россия (mob) - регион;7;980960;1,59
Россия (mob) - регион;7;980966;1,59
Россия (mob) - регион;7;980970;1,59
Россия (mob) - регион;7;980977;1,59
Россия (mob) - регион;7;980978;1,59
Россия (mob) - регион;7;980979;1,59
Россия (mob) - регион;7;98098;1,59
Россия (mob) - регион;7;980990;1,59
Россия (mob) - регион;7;980991;1,59
Россия (mob) - регион;7;980992;1,59
Россия (mob) - регион;7;980993;1,59
Россия (mob) - регион;7;980994;1,59
Россия (mob) - регион;7;980995;1,59
Россия (mob) - регион;7;980996;1,59
Россия (mob) - регион;7;980997;1,59
Россия (mob) - регион;7;980998;1,59
Россия (mob) - регион;7;981000;1,59
Россия (mob) - регион;7;9810777;1,59
Россия (mob) - регион;7;981333;1,59
Россия (mob) - регион;7;981334;1,59
Россия (mob) - регион;7;981335;1,59
Россия (mob) - регион;7;981336;1,59
Россия (mob) - регион;7;981337;1,59
Россия (mob) - регион;7;981338;1,59
Россия (mob) - регион;7;981339;1,59
Россия (mob) - регион;7;981650;1,59
Россия (mob) - регион;7;981651;1,59
Россия (mob) - регион;7;981652;1,59
Россия (mob) - регион;7;981653;1,59
Россия (mob) - регион;7;981654;1,59
Россия (mob) - регион;7;981666;1,59
Россия (mob) - регион;7;982000;1,59
Россия (mob) - регион;7;9820777;1,59
Россия (mob) - регион;7;9836601;1,59
Россия (mob) - регион;7;9836602;1,59
Россия (mob) - регион;7;9836603;1,59
Россия (mob) - регион;7;9836604;1,59
Россия (mob) - регион;7;9836605;1,59
Россия (mob) - регион;7;9836606;1,59
Россия (mob) - регион;7;9836607;1,59
Россия (mob) - регион;7;9836608;1,59
Россия (mob) - регион;7;9836609;1,59
Россия (mob) - регион;7;9836610;1,59
Россия (mob) - регион;7;983665;1,59
Россия (mob) - регион;7;983666;1,59
Россия (mob) - регион;7;9837000;1,59
Россия (mob) - регион;7;983777;1,59
Россия (mob) - регион;7;984333;1,59
Россия (mob) - регион;7;984444;1,59
Россия (mob) - регион;7;984555;1,59
Россия (mob) - регион;7;9847000;1,59
Россия (mob) - регион;7;984707;1,59
Россия (mob) - регион;7;984777;1,59
Россия (mob) - регион;7;984888;1,59
Россия (mob) - регион;7;984999;1,59
Россия (mob) - регион;7;985499;1,59
Россия (mob) - регион;7;9856555;1,59
Россия (mob) - регион;7;9856556;1,59
Россия (mob) - регион;7;9856557;1,59
Россия (mob) - регион;7;9856558;1,59
Россия (mob) - регион;7;9856559;1,59
Россия (mob) - регион;7;985677;1,59
Россия (mob) - регион;7;985900;1,59
Россия (mob) - регион;7;985905;1,59
Россия (mob) - регион;7;985906;1,59
Россия (mob) - регион;7;985907;1,59
Россия (mob) - регион;7;985908;1,59
Россия (mob) - регион;7;985909;1,59
Россия (mob) - регион;7;98593;1,59
Россия (mob) - регион;7;98594;1,59
Россия (mob) - регион;7;98595;1,59
Россия (mob) - регион;7;98598;1,59
Россия (mob) - регион;7;986000;1,59
Россия (mob) - регион;7;986111;1,59
Россия (mob) - регион;7;986333;1,59
Россия (mob) - регион;7;986555;1,59
Россия (mob) - регион;7;9866000;1,59
Россия (mob) - регион;7;986800;1,59
Россия (mob) - регион;7;9868880;1,59
Россия (mob) - регион;7;9868881;1,59
Россия (mob) - регион;7;9868882;1,59
Россия (mob) - регион;7;9868883;1,59
Россия (mob) - регион;7;9868884;1,59
Россия (mob) - регион;7;9868885;1,59
Россия (mob) - регион;7;9868886;1,59
Россия (mob) - регион;7;98688870;1,59
Россия (mob) - регион;7;98688871;1,59
Россия (mob) - регион;7;98688872;1,59
Россия (mob) - регион;7;98688873;1,59
Россия (mob) - регион;7;98688874;1,59
Россия (mob) - регион;7;986889;1,59
Россия (mob) - регион;7;988199;1,59
Россия (mob) - регион;7;989300;1,59
Россия (mob) - регион;7;9893999;1,59
Россия (mob) - регион;7;989400;1,59
Ростовская (fix);7;863;1,53
Ростовская Азов (fix);7;86342;1,53
Ростовская Каменск-Шахтинский (fix);7;86365;1,53
Ростовская Ростов-на-Дону (fix);7;8632;1,11
Ростовская Ростов-на-Дону (fix);7;8633;1,11
Ростовская Таганрог (fix);7;86343;1,53
Ростовская Таганрог (fix);7;86344;1,53
Ростовская Таганрог (fix);7;86346;1,53
Ростовская Шахты (fix);7;86362;1,53
Рязанская (fix);7;491;1,71
Рязанская Рязань (fix);7;4912;1,46
С-Петербург (fix);7;812;1,14
Самарская (fix);7;846;1,66
Самарская Безенчук (fix);7;84676;1,66
Самарская Жигулевск (fix);7;84862;1,66
Самарская Красный Яр (fix);7;84657;1,66
Самарская Новокуйбышевск (fix);7;84635;1,66
Самарская Самара (fix);7;8462;1,56
Самарская Самара (fix);7;846300;1,56
Самарская Самара (fix);7;846301;1,56
Самарская Самара (fix);7;846302;1,56
Самарская Самара (fix);7;846303;1,56
Самарская Самара (fix);7;846304;1,56
Самарская Самара (fix);7;846306;1,56
Самарская Самара (fix);7;846307;1,56
Самарская Самара (fix);7;846308;1,56
Самарская Самара (fix);7;846309;1,56
Самарская Самара (fix);7;84631;1,56
Самарская Самара (fix);7;84632;1,56
Самарская Самара (fix);7;84633;1,56
Самарская Самара (fix);7;84634;1,56
Самарская Самара (fix);7;84636;1,56
Самарская Самара (fix);7;84637;1,56
Самарская Самара (fix);7;84638;1,56
Самарская Самара (fix);7;8469;1,56
Самарская Тольятти (fix);7;848;1,66
Самарская Тольятти - город (fix);7;8482;1,66
Саратовская (fix);7;845;1,66
Саратовская Саратов (fix);7;8452;1,56
Сахалинская (fix);7;424;2,65
Сахалинская Южно-Сахалинск (fix);7;4242;2,65
Татарстан (fix);7;843;1,66
Татарстан Казань (fix);7;8432;1,56
Татарстан Казань (fix);7;8435;1,56
Татарстан Набережные Челны (fix);7;855;1,66
Татарстан Набережные Челны - город (fix);7;8552;1,66
Тверская (fix);7;482;1,71
Тверская Конаково (fix);7;48242;1,16
Тверская Тверь (fix);7;4822;1,46
Тверская Торжок (fix);7;48251;1,71
Хабаровский (fix);7;421;2,62
Хабаровский Ванино (fix);7;42137;2,62
Хабаровский Комсомольск-на-Амуре (fix);7;4217;2,62
Хабаровский Хабаровск (fix);7;4212;2,62
Хакасия (fix);7;390;2,74
Хакасия Абакан (fix);7;3902;1,88
Ханты-Мансийский (fix);7;346;2,75
Ханты-Мансийский Нижневартовск (fix);7;34660;2,75
Ханты-Мансийский Нижневартовск (fix);7;34661;2,75
Ханты-Мансийский Нижневартовск (fix);7;34662;2,75
Ханты-Мансийский Нижневартовск (fix);7;34663;2,75
Ханты-Мансийский Нижневартовск (fix);7;34664;2,75
Ханты-Мансийский Нижневартовск (fix);7;34665;2,75
Ханты-Мансийский Нижневартовск (fix);7;34666;2,75
Ханты-Мансийский Сургут (fix);7;3462;1,37
Челябинская (fix);7;351;2,44
Челябинская Магнитогорск (fix);7;35192;2,4
Челябинская Магнитогорск (fix);7;35193;2,4
Челябинская Магнитогорск (fix);7;35194;2,4
Челябинская Магнитогорск (fix);7;35195;2,4
Челябинская Челябинск (fix);7;3512;1,14
Челябинская Челябинск (fix);7;3517;1,14
Челябинская Челябинск (fix);7;35190;1,14
Чеченская (fix);7;871;2,85
Чеченская Грозный (fix);7;8712;1,9
Якутия-Саха (fix);7;411;2,69
Якутия-Саха Якутск (fix);7;4112;2,69
